{
    "best_params": {
        "n_clusters": 4,
        "init": "k-means++",
        "batch_size": 450,
        "max_iter": 425,
        "tol": 2.8576083597745322e-05,
        "silhouette_weight": 0.485795944548549,
        "ch_weight": 0.999997179739254,
        "db_weight": 0.2416278022725764
    },
    "best_value": 20025797.6744653
}