{
    "best_params": {
        "n_clusters": 4,
        "init": "k-means++",
        "batch_size": 300,
        "max_iter": 152,
        "tol": 0.004759856833325683
    },
    "best_value": 0.7690974372809204
}