{
    "Davies-Bouldin Index": 0.3619108287721344,
    "Calinski-Harabasz Index": 20025853.87041033,
    "Silhouette Avg": 0.7608796914931638
}